{
  "weather": {
    "forecastDates": [
      "Tue Dec 12 2017 12:00:00 GMT+0000 (UTC)",
      "Wed Dec 13 2017 12:00:00 GMT+0000 (UTC)",
      "Thu Dec 14 2017 12:00:00 GMT+0000 (UTC)",
      "Fri Dec 15 2017 12:00:00 GMT+0000 (UTC)",
      "Sat Dec 16 2017 12:00:00 GMT+0000 (UTC)"
    ],
    "observations": [
      {
        "location": "Malahide",
        "current": {
          "temp": 3,
          "rain": 0,
          "wind": 5.7
        },
        "forecasts": {
          "location": "Malahide",
          "temps": [
            6.15,
            8.15,
            6.13,
            7.89,
            6.15
          ],
          "rains": [
            0.005,
            0.98,
            0.029999999999999,
            0.25,
            0
          ],
          "winds": [
            5.36,
            11.76,
            11.96,
            10.77,
            7.32
          ]
        }
      },
      {
        "location": "Crosby",
        "current": {
          "temp": 1.74,
          "rain": 0,
          "wind": 3.1
        },
        "forecasts": {
          "location": "Crosby",
          "temps": [
            2.17,
            5.7,
            5.7,
            4.81,
            4.25
          ],
          "rains": [
            0,
            0.71,
            1.8,
            0,
            0
          ],
          "winds": [
            4.16,
            7.31,
            6.71,
            6.02,
            5.67
          ]
        }
      },
      {
        "location": "Sutton Coldfield",
        "current": {
          "temp": -1.53,
          "rain": 0,
          "wind": 4.6
        },
        "forecasts": {
          "location": "Sutton Coldfield",
          "temps": [
            -5.83,
            1.97,
            2.33,
            1.51,
            1.08
          ],
          "rains": [
            0,
            0.0099999999999998,
            0.3,
            0.0099999999999998,
            0
          ],
          "winds": [
            2.31,
            5.56,
            5.46,
            4.32,
            5.22
          ]
        }
      }
    ]
  },
  "cache": false
}
